Region,2019,2020,2021,2022,2023,2024,2025,2026,2027,2028,2029,2030,2031,2032,2033,2034,2035,2036,2037,2038,2039,2040
KOKO MAA,5524566,5530922,5536943,5542572,5547759,5552441,5556546,5560015,5562826,5564865,5566184,5566685,5566369,5565202,5563141,5560243,5556472,5551856,5546460,5540199,5533247,5525528
MA1 MANNER-SUOMI,5494524,5500619,5506386,5511772,5516715,5521162,5525035,5528282,5530869,5532706,5533828,5534127,5533630,5532281,5530041,5526975,5523044,5518273,5512722,5506313,5499207,5491352
MK01 Uusimaa,1686320,1701280,1715868,1730052,1743813,1757101,1769914,1782231,1794018,1805291,1816071,1826362,1836142,1845431,1854222,1862517,1870317,1877608,1884398,1890686,1896521,1901907
Helsinki,1568975,1584518,1599657,1614369,1628636,1642432,1655742,1668546,1680808,1692555,1703801,1714548,1724772,1734492,1743694,1752390,1760579,1768241,1775390,1782029,1788197,1793905
Espoo,287905,292052,296067,299943,303678,307254,310666,313918,317005,319936,322710,325322,327769,330061,332216,334240,336150,337950,339649,341254,342774,344217
Helsinki,655276,662389,669339,676117,682725,689164,695419,701482,707342,712998,718451,723687,728673,733398,737852,742025,745897,749457,752704,755645,758300,760700
Hyvinkää,46455,46414,46379,46350,46326,46304,46281,46255,46227,46199,46167,46136,46104,46071,46037,46000,45963,45922,45879,45832,45782,45730
Järvenpää,43918,44418,44909,45395,45864,46313,46749,47167,47563,47937,48289,48621,48933,49222,49493,49744,49980,50197,50401,50592,50776,50946
Karkkila,8707,8639,8579,8523,8469,8423,8378,8336,8295,8258,8224,8192,8164,8138,8112,8089,8067,8049,8032,8018,8004,7989
Kauniainen,9703,9781,9858,9936,10012,10090,10166,10239,10309,10382,10454,10524,10591,10655,10719,10782,10844,10903,10958,11014,11069,11124
Kerava,36437,36622,36805,36988,37170,37343,37511,37675,37826,37969,38102,38226,38348,38465,38573,38672,38764,38843,38912,38975,39030,39078
Kirkkonummi,39415,39560,39701,39836,39961,40085,40205,40319,40425,40530,40636,40741,40847,40958,41066,41176,41292,41410,41528,41648,41771,41892
Lohja,45951,45614,45289,44975,44670,44372,44082,43797,43526,43263,43007,42761,42519,42291,42073,41868,41669,41480,41302,41133,40971,40816
Mäntsälä,20649,20618,20592,20572,20556,20540,20524,20507,20489,20470,20455,20441,20429,20419,20412,20409,20405,20405,20412,20421,20431,20440
Nurmijärvi,42878,43080,43269,43447,43614,43771,43917,44055,44186,44305,44418,44526,44632,44734,44836,44933,45034,45143,45259,45378,45497,45612
Pornainen,5031,4996,4964,4935,4905,4879,4855,4838,4822,4806,4795,4786,4780,4777,4774,4772,4773,4771,4775,4781,4787,4792
Sipoo,20970,21264,21551,21834,22112,22385,22655,22914,23165,23406,23639,23865,24087,24303,24516,24725,24930,25131,25325,25513,25696,25874
Siuntio,6119,6110,6103,6093,6086,6078,6072,6066,6060,6055,6052,6054,6059,6066,6074,6082,6090,6101,6111,6123,6135,6146
Tuusula,38687,38719,38751,38786,38825,38863,38910,38964,39015,39065,39114,39163,39220,39287,39357,39433,39517,39605,39698,39794,39890,39984
Vantaa,231645,234987,238213,241321,244310,247181,249933,252572,255092,257504,259809,262020,264131,266154,268084,269924,271673,273325,274877,276321,277676,278937
Vihti,29229,29255,29288,29318,29353,29387,29419,29442,29461,29472,29479,29483,29486,29493,29500,29516,29531,29549,29568,29587,29608,29628
Raasepori,40911,40486,40088,39719,39365,39015,38677,38349,38034,37725,37424,37139,36866,36607,36363,36131,35904,35687,35481,35277,35084,34899
Hanko,8212,8056,7909,7773,7643,7517,7399,7286,7177,7069,6964,6865,6773,6684,6600,6522,6445,6372,6305,6240,6178,6119
Inkoo,5365,5332,5301,5271,5243,5215,5188,5161,5137,5112,5088,5066,5042,5024,5007,4993,4977,4965,4954,4942,4931,4923
Raasepori,27334,27098,26878,26675,26479,26283,26090,25902,25720,25544,25372,25208,25051,24899,24756,24616,24482,24350,24222,24095,23975,23857
Porvoo,59066,59080,59091,59085,59078,59061,59037,59010,58975,58928,58877,58815,58748,58677,58606,58530,58454,58383,58310,58242,58174,58108
Askola,4954,4947,4938,4924,4912,4900,4889,4877,4864,4846,4827,4808,4788,4770,4751,4733,4717,4701,4688,4677,4666,4656
Myrskylä,1910,1898,1888,1876,1865,1852,1839,1828,1816,1807,1798,1788,1779,1769,1761,1753,1746,1741,1735,1730,1724,1721
Porvoo,50318,50366,50408,50442,50469,50490,50501,50508,50506,50496,50479,50455,50424,50388,50350,50306,50259,50213,50165,50118,50070,50021
Pukkila,1884,1869,1857,1843,1832,1819,1808,1797,1789,1779,1773,1764,1757,1750,1744,1738,1732,1728,1722,1717,1714,1710
Loviisa,17368,17196,17032,16879,16734,16593,16458,16326,16201,16083,15969,15860,15756,15655,15559,15466,15380,15297,15217,15138,15066,14995
Lapinjärvi,2633,2606,2579,2556,2534,2512,2493,2474,2453,2436,2417,2402,2389,2376,2363,2349,2338,2326,2315,2303,2293,2284
Loviisa,14735,14590,14453,14323,14200,14081,13965,13852,13748,13647,13552,13458,13367,13279,13196,13117,13042,12971,12902,12835,12773,12711
MK02 Varsinais-Suomi,479371,480126,480847,481545,482215,482874,483518,484115,484678,485195,485639,486015,486300,486511,486612,486621,486533,486336,486035,485634,485138,484568
Åboland-Turunmaa,21789,21647,21512,21379,21252,21130,21007,20888,20773,20662,20552,20440,20323,20210,20100,19994,19891,19795,19699,19609,19520,19432
Kemiönsaari,6664,6606,6552,6501,6451,6405,6358,6316,6275,6237,6202,6166,6129,6092,6058,6022,5989,5957,5924,5894,5864,5834
Parainen,15125,15041,14960,14878,14801,14725,14649,14572,14498,14425,14350,14274,14194,14118,14042,13972,13902,13838,13775,13715,13656,13598
Salo,60548,59976,59420,58892,58369,57869,57379,56898,56433,55985,55540,55107,54691,54287,53899,53529,53173,52831,52503,52186,51880,51579
Salo,51799,51301,50816,50356,49901,49464,49034,48609,48198,47800,47402,47019,46651,46295,45954,45628,45314,45012,44721,44440,44168,43900
Somero,8749,8675,8604,8536,8468,8405,8345,8289,8235,8185,8138,8088,8040,7992,7945,7901,7859,7819,7782,7746,7712,7679
Turku,332033,333799,335483,337100,338668,340195,341680,343108,344478,345785,347017,348176,349237,350206,351046,351761,352352,352806,353137,353343,353441,353452
Kaarina,33734,34004,34269,34517,34747,34963,35156,35335,35492,35636,35760,35871,35972,36069,36157,36237,36312,36381,36451,36515,36571,36617
Lieto,19923,20011,20094,20174,20246,20312,20373,20429,20478,20514,20543,20564,20580,20598,20610,20620,20637,20654,20676,20698,20720,20741
Masku,9509,9462,9411,9360,9307,9253,9197,9142,9092,9043,8993,8944,8900,8860,8822,8784,8752,8723,8697,8673,8654,8633
Mynämäki,7711,7661,7618,7576,7538,7501,7465,7428,7395,7363,7331,7301,7273,7246,7218,7191,7163,7136,7109,7083,7056,7030
Naantali,19315,19381,19448,19510,19570,19628,19680,19727,19767,19805,19839,19872,19905,19932,19955,19974,19988,20004,20018,20032,20039,20042
Nousiainen,4697,4662,4628,4597,4569,4539,4509,4481,4452,4424,4396,4367,4337,4312,4285,4261,4240,4221,4203,4189,4176,4159
Paimio,10856,10882,10906,10930,10950,10971,10992,11009,11023,11033,11037,11037,11036,11032,11024,11015,11005,10992,10986,10979,10970,10961
Raisio,24029,23902,23796,23700,23616,23538,23466,23395,23324,23255,23190,23127,23064,23004,22942,22880,22819,22762,22706,22654,22603,22550
Rusko,6294,6332,6367,6398,6428,6455,6483,6510,6534,6554,6572,6587,6597,6602,6607,6611,6615,6617,6620,6622,6622,6624
Sauvo,2983,2971,2960,2948,2937,2924,2915,2904,2894,2884,2872,2861,2850,2842,2833,2825,2816,2807,2800,2793,2786,2778
Turku,192982,194531,195986,197390,198760,200111,201444,202748,204027,205274,206484,207645,208723,209709,210593,211363,212005,212509,212871,213105,213244,213317
Vakka-Suomi,31201,31158,31124,31092,31057,31022,30985,30950,30911,30865,30822,30770,30716,30655,30593,30535,30472,30412,30352,30292,30232,30171
Kustavi,935,944,956,967,977,989,997,1008,1017,1026,1035,1041,1049,1057,1063,1068,1072,1076,1080,1084,1086,1088
Laitila,8657,8663,8668,8675,8678,8682,8685,8687,8688,8687,8687,8683,8679,8672,8666,8661,8654,8647,8641,8636,8631,8628
Pyhäranta,2000,1973,1950,1927,1907,1889,1871,1855,1839,1822,1807,1791,1774,1757,1742,1730,1715,1701,1689,1676,1665,1653
Taivassalo,1664,1667,1668,1669,1668,1669,1668,1670,1670,1668,1669,1669,1668,1667,1667,1667,1668,1670,1671,1671,1673,1673
Uusikaupunki,15675,15652,15633,15612,15590,15563,15538,15510,15479,15450,15417,15383,15347,15308,15265,15223,15180,15138,15095,15052,15008,14962
Vehmaa,2270,2259,2249,2242,2237,2230,2226,2220,2218,2212,2207,2203,2199,2194,2190,2186,2183,2180,2176,2173,2169,2167
Loimaa,33800,33546,33308,33082,32869,32658,32467,32271,32083,31898,31708,31522,31333,31153,30974,30802,30645,30492,30344,30204,30065,29934
Aura,3980,3973,3968,3963,3959,3951,3946,3940,3935,3932,3925,3917,3909,3902,3893,3884,3875,3866,3859,3853,3846,3842
Koski Tl,2317,2297,2277,2258,2242,2226,2212,2197,2182,2167,2154,2140,2126,2113,2100,2087,2077,2067,2057,2048,2038,2031
Loimaa,15871,15721,15584,15455,15334,15215,15107,14997,14893,14792,14691,14590,14490,14391,14295,14202,14112,14022,13934,13849,13767,13685
Marttila,2012,2008,2003,2000,1996,1994,1991,1986,1979,1973,1964,1957,1947,1937,1930,1921,1916,1911,1907,1902,1897,1894
Oripää,1350,1335,1321,1307,1295,1282,1271,1260,1252,1243,1234,1227,1220,1215,1209,1204,1199,1195,1191,1187,1182,1178
Pöytyä,8270,8212,8155,8099,8043,7990,7940,7891,7842,7791,7740,7691,7641,7595,7547,7504,7466,7431,7396,7365,7335,7304
MK04 Satakunta,217235,215887,214572,213276,212000,210735,209482,208229,207000,205787,204575,203356,202140,200926,199712,198489,197283,196083,194898,193721,192563,191403
Rauma,67037,66711,66399,66092,65784,65473,65157,64836,64518,64201,63878,63549,63225,62907,62583,62261,61944,61629,61313,60998,60680,60360
Eura,11624,11504,11386,11267,11148,11033,10918,10809,10705,10602,10499,10399,10303,10208,10115,10025,9938,9854,9772,9693,9617,9543
Eurajoki,9482,9505,9522,9534,9539,9540,9532,9516,9493,9467,9439,9406,9373,9343,9309,9277,9243,9212,9180,9148,9115,9083
Rauma,39215,39076,38953,38834,38717,38596,38476,38350,38229,38107,37982,37852,37718,37586,37450,37311,37173,37029,36880,36729,36571,36408
Säkylä,6716,6626,6538,6457,6380,6304,6231,6161,6091,6025,5958,5892,5831,5770,5709,5648,5590,5534,5481,5428,5377,5326
Pori,131640,130833,130029,129222,128430,127646,126871,126095,125329,124576,123822,123069,122313,121554,120797,120029,119268,118508,117759,117017,116291,115564
Harjavalta,6950,6881,6812,6741,6669,6600,6533,6469,6407,6349,6288,6228,6169,6108,6050,5990,5935,5879,5826,5773,5724,5673
Huittinen,9991,9898,9808,9721,9639,9559,9482,9404,9329,9259,9188,9119,9048,8980,8914,8848,8783,8718,8659,8599,8542,8484
Kokemäki,7121,7023,6930,6843,6761,6681,6603,6530,6459,6391,6328,6268,6210,6153,6097,6044,5989,5937,5884,5837,5790,5744
Merikarvia,3090,3064,3039,3013,2987,2960,2934,2912,2890,2866,2846,2824,2804,2783,2761,2738,2716,2695,2674,2655,2636,2615
Nakkila,5387,5335,5282,5229,5176,5124,5071,5017,4968,4920,4870,4821,4772,4723,4674,4628,4584,4542,4504,4464,4429,4392
Pomarkku,2106,2070,2035,1998,1964,1930,1900,1867,1835,1806,1778,1751,1724,1698,1675,1650,1626,1604,1584,1564,1544,1527
Pori,84015,83638,83265,82893,82529,82167,81805,81441,81077,80713,80348,79977,79601,79218,78828,78426,78018,77601,77179,76756,76335,75918
Ulvila,12980,12924,12858,12784,12705,12625,12543,12455,12364,12272,12176,12081,11985,11891,11798,11705,11617,11532,11449,11369,11291,11211
Pohjois-Satakunta,18558,18343,18144,17962,17786,17616,17454,17298,17153,17010,16875,16738,16602,16465,16332,16199,16071,15946,15826,15706,15592,15479
Honkajoki,1638,1614,1591,1570,1554,1534,1515,1498,1481,1464,1449,1432,1416,1399,1383,1368,1355,1343,1331,1318,1308,1296
Jämijärvi,1776,1746,1720,1697,1673,1652,1632,1614,1594,1577,1559,1543,1528,1511,1494,1479,1464,1450,1438,1425,1412,1401
Kankaanpää,11351,11241,11138,11046,10954,10865,10778,10694,10616,10539,10465,10391,10315,10240,10167,10092,10019,9945,9876,9806,9739,9671
Karvia,2364,2339,2317,2295,2273,2253,2236,2217,2203,2188,2176,2162,2149,2136,2122,2109,2094,2081,2065,2052,2039,2027
Siikainen,1429,1403,1378,1354,1332,1312,1293,1275,1259,1242,1226,1210,1194,1179,1166,1151,1139,1127,1116,1105,1094,1084
MK05 Kanta-Häme,170350,169386,168454,167558,166687,165835,164999,164170,163351,162540,161743,160969,160217,159475,158740,158019,157314,156620,155940,155265,154607,153955
Hämeenlinna,93146,92851,92566,92285,92006,91718,91426,91126,90811,90490,90166,89841,89514,89179,88841,88492,88148,87799,87454,87107,86764,86422
Hattula,9424,9369,9316,9263,9209,9152,9095,9037,8978,8919,8859,8801,8746,8690,8639,8587,8538,8489,8442,8394,8346,8300
Hämeenlinna,67363,67210,67066,66922,66779,66631,66478,66320,66150,65976,65796,65611,65418,65215,65003,64782,64558,64327,64094,63857,63622,63384
Janakkala,16359,16272,16184,16100,16018,15935,15853,15769,15683,15595,15511,15429,15350,15274,15199,15123,15052,14983,14918,14856,14796,14738
Riihimäki,44668,44351,44044,43754,43478,43214,42961,42711,42470,42240,42016,41805,41606,41420,41242,41078,40927,40784,40652,40526,40410,40296
Hausjärvi,8330,8248,8166,8088,8014,7938,7866,7794,7728,7662,7598,7536,7478,7422,7371,7325,7283,7247,7216,7186,7160,7133
Loppi,7789,7713,7632,7550,7465,7386,7309,7234,7161,7092,7026,6967,6911,6860,6809,6765,6727,6689,6655,6623,6592,6564
Riihimäki,28549,28390,28246,28116,27999,27890,27786,27683,27581,27486,27392,27302,27217,27138,27062,26988,26917,26848,26781,26717,26658,26599
Forssa,32536,32184,31844,31519,31203,30903,30612,30333,30070,29810,29561,29323,29097,28876,28657,28449,28239,28037,27834,27632,27433,27237
Forssa,16893,16759,16629,16505,16384,16265,16149,16036,15923,15811,15703,15597,15494,15391,15287,15184,15079,14973,14865,14759,14652,14548
Humppila,2187,2143,2104,2066,2030,1997,1965,1933,1905,1877,1851,1826,1803,1781,1759,1740,1720,1704,1686,1670,1653,1637
Jokioinen,5120,5045,4969,4896,4824,4759,4697,4639,4584,4533,4484,4435,4390,4347,4305,4266,4228,4192,4158,4124,4091,4058
Tammela,6005,5929,5856,5784,5714,5649,5585,5523,5467,5411,5357,5308,5264,5220,5179,5140,5103,5067,5032,4996,4962,4928
Ypäjä,2331,2308,2286,2268,2251,2233,2216,2202,2191,2178,2166,2157,2146,2137,2127,2119,2109,2101,2093,2083,2075,2066
MK06 Pirkanmaa,517409,519600,521673,523648,525524,527292,528973,530562,532041,533414,534677,535837,536861,537756,538531,539182,539706,540089,540345,540478,540509,540430
Luoteis-Pirkanmaa,15186,15001,14831,14668,14513,14363,14218,14084,13949,13822,13692,13570,13451,13333,13221,13108,13002,12896,12799,12703,12614,12523
Ikaalinen,6924,6853,6786,6726,6668,6613,6560,6510,6461,6416,6367,6321,6275,6232,6189,6146,6105,6064,6026,5990,5956,5924
Kihniö,1873,1836,1802,1766,1735,1705,1678,1652,1627,1603,1578,1555,1531,1507,1487,1466,1447,1429,1413,1396,1382,1364
Parkano,6389,6312,6243,6176,6110,6045,5980,5922,5861,5803,5747,5694,5645,5594,5545,5496,5450,5403,5360,5317,5276,5235
Etelä-Pirkanmaa,42307,42087,41875,41671,41463,41255,41050,40851,40652,40454,40251,40052,39860,39676,39494,39324,39163,39015,38873,38744,38621,38496
Akaa,16478,16353,16229,16108,15984,15861,15743,15630,15523,15419,15317,15218,15124,15035,14952,14874,14804,14742,14686,14637,14591,14545
Urjala,4728,4671,4618,4573,4529,4486,4444,4405,4366,4331,4296,4262,4232,4203,4174,4148,4123,4100,4076,4057,4038,4018
Valkeakoski,21101,21063,21028,20990,20950,20908,20863,20816,20763,20704,20638,20572,20504,20438,20368,20302,20236,20173,20111,20050,19992,19933
Tampere,410079,413343,416423,419353,422147,424798,427331,429728,431994,434130,436143,438021,439747,441318,442752,444035,445162,446127,446936,447601,448139,448568
Hämeenkyrö,10465,10421,10376,10328,10286,10246,10210,10174,10144,10110,10077,10042,10006,9970,9934,9900,9870,9843,9821,9800,9782,9763
Kangasala,31905,32119,32321,32504,32666,32812,32944,33065,33173,33270,33360,33445,33528,33607,33685,33759,33830,33901,33973,34046,34112,34172
Lempäälä,23394,23574,23745,23906,24057,24185,24296,24393,24473,24544,24601,24650,24697,24738,24779,24825,24876,24930,24988,25050,25112,25172
Nokia,33649,33763,33866,33959,34037,34100,34148,34185,34207,34218,34226,34232,34233,34229,34228,34230,34236,34244,34257,34273,34290,34305
Orivesi,9122,9034,8951,8878,8807,8738,8669,8605,8544,8487,8432,8379,8329,8279,8231,8185,8143,8104,8068,8035,8003,7972
Pirkkala,19486,19596,19698,19793,19875,19946,20008,20061,20108,20146,20174,20193,20206,20212,20217,20219,20220,20224,20231,20240,20250,20258
Pälkäne,6436,6375,6319,6266,6216,6167,6123,6080,6039,6002,5967,5936,5903,5872,5846,5820,5796,5771,5748,5728,5708,5690
Tampere,238064,240744,243298,245761,248156,250479,252738,254909,257006,259022,260953,262777,264469,266021,267429,268674,269746,270632,271337,271879,272294,272611
Vesilahti,4381,4367,4350,4331,4312,4293,4276,4261,4246,4231,4219,4206,4194,4187,4179,4175,4171,4170,4170,4169,4169,4172
Ylöjärvi,33177,33350,33499,33627,33735,33832,33919,33995,34054,34100,34134,34161,34182,34203,34224,34248,34274,34308,34343,34381,34419,34453
Lounais-Pirkanmaa,27248,26972,26716,26475,26246,26033,25827,25631,25440,25256,25077,24912,24750,24590,24436,24284,24136,23992,23851,23715,23584,23453
Punkalaidun,2838,2786,2739,2697,2655,2617,2582,2549,2518,2489,2460,2437,2414,2392,2374,2353,2335,2317,2301,2284,2271,2256
Sastamala,24410,24186,23977,23778,23591,23416,23245,23082,22922,22767,22617,22475,22336,22198,22062,21931,21801,21675,21550,21431,21313,21197
Ylä-Pirkanmaa,22589,22197,21828,21481,21155,20843,20547,20268,20006,19752,19514,19282,19053,18839,18628,18431,18243,18059,17886,17715,17551,17390
Juupajoki,1854,1825,1799,1773,1750,1726,1703,1682,1663,1644,1629,1612,1594,1579,1562,1549,1538,1526,1515,1504,1494,1484
Mänttä-Vilppula,9802,9628,9462,9309,9165,9025,8893,8769,8649,8531,8421,8316,8209,8110,8012,7921,7831,7746,7663,7582,7504,7426
Ruovesi,4313,4236,4165,4100,4040,3985,3933,3885,3840,3799,3760,3721,3686,3653,3620,3588,3559,3530,3505,3481,3458,3435
Virrat,6620,6508,6402,6299,6200,6107,6018,5932,5854,5778,5704,5633,5564,5497,5434,5373,5315,5257,5203,5148,5095,5045
MK07 Päijät-Häme,200045,199466,198898,198323,197737,197140,196524,195898,195259,194602,193937,193247,192534,191801,191046,190266,189484,188684,187878,187063,186252,185436
Lahti,200045,199466,198898,198323,197737,197140,196524,195898,195259,194602,193937,193247,192534,191801,191046,190266,189484,188684,187878,187063,186252,185436
Asikkala,8091,8032,7980,7929,7874,7819,7761,7707,7653,7600,7548,7498,7448,7399,7350,7300,7255,7208,7163,7119,7076,7032
Hartola,2717,2658,2602,2552,2504,2462,2420,2383,2348,2315,2285,2255,2226,2200,2171,2143,2116,2091,2068,2044,2023,2002
Heinola,18647,18423,18220,18025,17839,17663,17495,17334,17182,17033,16888,16747,16609,16473,16337,16203,16071,15940,15814,15690,15568,15449
Hollola,23502,23388,23261,23121,22972,22815,22656,22498,22342,22189,22036,21882,21727,21577,21429,21289,21157,21033,20910,20793,20679,20562
Kärkölä,4388,4334,4284,4237,4194,4154,4115,4075,4037,4001,3968,3936,3905,3874,3844,3816,3789,3762,3737,3713,3690,3668
Lahti,120113,120250,120373,120477,120564,120628,120665,120668,120637,120575,120486,120363,120208,120025,119811,119561,119283,118974,118640,118287,117922,117546
Orimattila,16018,15944,15867,15789,15705,15618,15529,15443,15356,15269,15181,15096,15011,14925,14842,14758,14679,14603,14533,14463,14395,14329
Padasjoki,2900,2843,2788,2736,2688,2641,2597,2554,2514,2474,2439,2403,2370,2337,2306,2274,2245,2216,2188,2160,2133,2108
Sysmä,3669,3594,3523,3457,3397,3340,3286,3236,3190,3146,3106,3067,3030,2991,2956,2922,2889,2857,2825,2794,2766,2740
MK08 Kymenlaakso,171739,170127,168570,167060,165577,164127,162702,161307,159940,158597,157263,155946,154649,153358,152088,150823,149580,148361,147167,145988,144820,143661
Kouvola,89047,88179,87343,86530,85731,84950,84178,83419,82678,81956,81243,80537,79841,79148,78463,77779,77104,76447,75800,75162,74529,73903
Iitti,6710,6658,6611,6565,6518,6474,6426,6383,6338,6295,6252,6210,6167,6123,6079,6034,5991,5950,5908,5867,5828,5790
Kouvola,82337,81521,80732,79965,79213,78476,77752,77036,76340,75661,74991,74327,73674,73025,72384,71745,71113,70497,69892,69295,68701,68113
Kotka-Hamina,82692,81948,81227,80530,79846,79177,78524,77888,77262,76641,76020,75409,74808,74210,73625,73044,72476,71914,71367,70826,70291,69758
Hamina,20098,19907,19719,19537,19357,19178,19004,18831,18659,18485,18312,18140,17972,17806,17643,17482,17325,17174,17026,16881,16737,16595
Kotka,52432,51999,51584,51186,50798,50423,50059,49706,49360,49016,48677,48343,48014,47683,47356,47028,46701,46376,46055,45736,45418,45102
Miehikkälä,1902,1867,1834,1804,1775,1748,1723,1699,1676,1654,1633,1612,1592,1573,1556,1536,1522,1504,1489,1472,1459,1445
Pyhtää,5161,5127,5092,5054,5015,4972,4925,4879,4832,4786,4734,4684,4633,4583,4535,4492,4449,4407,4369,4334,4297,4262
Virolahti,3099,3048,2998,2949,2901,2856,2813,2773,2735,2700,2664,2630,2597,2565,2535,2506,2479,2453,2428,2403,2380,2354
MK09 Etelä-Karjala,127917,127088,126265,125450,124661,123883,123122,122359,121614,120878,120150,119419,118694,117969,117236,116515,115782,115051,114321,113588,112860,112138
Lappeenranta,88281,87997,87701,87398,87107,86818,86529,86231,85931,85622,85315,84994,84667,84333,83979,83626,83252,82867,82477,82075,81666,81252
Lappeenranta,72590,72466,72333,72197,72073,71946,71818,71679,71536,71387,71231,71062,70879,70683,70473,70252,70009,69749,69479,69197,68904,68608
Lemi,3027,3010,2991,2971,2951,2929,2911,2889,2866,2840,2814,2786,2759,2734,2708,2684,2661,2638,2618,2595,2573,2553
Luumäki,4595,4530,4467,4404,4343,4286,4229,4174,4120,4065,4016,3964,3916,3873,3829,3787,3744,3704,3665,3626,3590,3552
Savitaipale,3370,3312,3258,3204,3152,3103,3055,3008,2963,2919,2877,2838,2800,2763,2724,2690,2656,2626,2595,2566,2538,2509
Taipalsaari,4699,4679,4652,4622,4588,4554,4516,4481,4446,4411,4377,4344,4313,4280,4245,4213,4182,4150,4120,4091,4061,4030
Imatra,39636,39091,38564,38052,37554,37065,36593,36128,35683,35256,34835,34425,34027,33636,33257,32889,32530,32184,31844,31513,31194,30886
Imatra,26625,26329,26042,25761,25484,25207,24938,24671,24413,24167,23922,23681,23444,23211,22983,22761,22542,22327,22117,21913,21715,21523
Parikkala,4718,4601,4491,4388,4289,4196,4110,4025,3946,3870,3796,3727,3656,3589,3525,3463,3404,3349,3296,3243,3195,3148
Rautjärvi,3263,3198,3134,3074,3019,2966,2913,2863,2815,2771,2728,2685,2647,2607,2570,2534,2499,2466,2433,2400,2369,2340
Ruokolahti,5030,4963,4897,4829,4762,4696,4632,4569,4509,4448,4389,4332,4280,4229,4179,4131,4085,4042,3998,3957,3915,3875
MK10 Etelä-Savo,142943,141332,139766,138252,136780,135361,133969,132635,131333,130056,128829,127605,126421,125252,124096,122957,121834,120729,119649,118582,117543,116522
Mikkeli,70741,70252,69780,69321,68867,68421,67973,67538,67107,66677,66263,65842,65431,65016,64594,64168,63739,63308,62882,62453,62034,61619
Hirvensalmi,2108,2068,2029,1997,1966,1937,1908,1883,1859,1834,1812,1788,1766,1745,1722,1703,1682,1660,1641,1624,1607,1592
Kangasniemi,5370,5300,5232,5168,5106,5044,4984,4926,4869,4814,4761,4711,4663,4613,4565,4517,4472,4430,4390,4351,4313,4278
Mikkeli,53567,53316,53069,52820,52568,52314,52056,51798,51537,51276,51018,50753,50490,50220,49943,49658,49367,49070,48771,48467,48166,47868
Mäntyharju,5840,5761,5687,5616,5550,5488,5427,5369,5313,5256,5203,5152,5101,5052,5003,4955,4908,4862,4817,4773,4731,4688
Pertunmaa,1687,1661,1640,1618,1596,1576,1555,1536,1519,1502,1487,1472,1458,1446,1434,1423,1412,1402,1391,1382,1374,1366
Puumala,2169,2146,2123,2102,2081,2062,2043,2026,2010,1995,1982,1966,1953,1940,1927,1912,1898,1884,1872,1856,1843,1827
Savonlinna,43672,42976,42294,41625,40982,40371,39775,39212,38666,38135,37624,37122,36644,36172,35716,35273,34837,34417,34006,33606,33218,32841
Enonkoski,1386,1369,1352,1333,1316,1300,1283,1269,1254,1239,1224,1207,1191,1175,1161,1148,1134,1121,1110,1098,1086,1077
Heinävesi,3262,3198,3135,3073,3015,2963,2912,2866,2820,2775,2734,2694,2658,2622,2587,2556,2526,2498,2469,2444,2419,2394
Rantasalmi,3448,3384,3324,3267,3213,3163,3114,3068,3025,2982,2941,2900,2860,2820,2783,2745,2710,2677,2643,2611,2580,2550
Savonlinna,33102,32603,32110,31626,31156,30704,30266,29843,29433,29035,28651,28278,27918,27567,27224,26889,26557,26235,25922,25615,25316,25025
Sulkava,2474,2422,2373,2326,2282,2241,2200,2166,2134,2104,2074,2043,2017,1988,1961,1935,1910,1886,1862,1838,1817,1795
Pieksämäki,28530,28104,27692,27306,26931,26569,26221,25885,25560,25244,24942,24641,24346,24064,23786,23516,23258,23004,22761,22523,22291,22062
Joroinen,4741,4671,4597,4526,4456,4389,4325,4262,4204,4145,4088,4033,3978,3929,3880,3832,3788,3744,3702,3662,3623,3583
Juva,6127,6034,5943,5861,5779,5701,5624,5549,5476,5406,5339,5270,5201,5135,5069,5005,4943,4883,4824,4765,4710,4657
Pieksämäki,17662,17399,17152,16919,16696,16479,16272,16074,15880,15693,15515,15338,15167,15000,14837,14679,14527,14377,14235,14096,13958,13822
MK11 Pohjois-Savo,244648,243694,242765,241848,240941,240044,239130,238233,237335,236422,235503,234558,233609,232621,231616,230570,229502,228408,227285,226137,224967,223779
Ylä-Savo,52952,52301,51676,51072,50485,49909,49346,48797,48265,47739,47221,46713,46224,45741,45275,44811,44361,43916,43479,43053,42634,42217
Iisalmi,21286,21103,20923,20752,20585,20418,20254,20093,19932,19771,19607,19444,19286,19126,18966,18805,18647,18488,18330,18174,18015,17858
Keitele,2210,2177,2148,2118,2093,2067,2040,2017,1995,1971,1949,1926,1903,1881,1859,1836,1815,1791,1769,1746,1726,1704
Kiuruvesi,8000,7854,7714,7581,7454,7331,7210,7094,6983,6875,6772,6673,6577,6484,6394,6307,6222,6139,6055,5976,5898,5821
Lapinlahti,9510,9404,9300,9200,9098,8998,8897,8799,8702,8605,8510,8420,8332,8246,8166,8085,8006,7931,7859,7788,7720,7652
Pielavesi,4429,4367,4310,4249,4188,4129,4070,4012,3955,3902,3849,3799,3750,3704,3660,3618,3577,3537,3499,3462,3426,3391
Sonkajärvi,3876,3791,3709,3633,3559,3489,3425,3361,3303,3248,3194,3143,3096,3048,3005,2962,2922,2881,2842,2804,2768,2731
Vieremä,3641,3605,3572,3539,3508,3477,3450,3421,3395,3367,3340,3308,3280,3252,3225,3198,3172,3149,3125,3103,3081,3060
Kuopio,140752,141117,141455,141752,142020,142262,142468,142643,142788,142899,142977,143015,143008,142952,142847,142691,142492,142244,141951,141617,141248,140853
Kuopio,119097,119490,119862,120199,120514,120809,121078,121330,121561,121767,121944,122086,122190,122247,122254,122209,122118,121975,121783,121547,121276,120979
Siilinjärvi,21655,21627,21593,21553,21506,21453,21390,21313,21227,21132,21033,20929,20818,20705,20593,20482,20374,20269,20168,20070,19972,19874
Koillis-Savo,7053,6924,6795,6680,6566,6460,6356,6259,6171,6081,5999,5915,5838,5763,5690,5621,5554,5493,5435,5375,5321,5266
Kaavi,2930,2873,2817,2766,2715,2668,2624,2582,2545,2506,2471,2435,2402,2370,2339,2308,2279,2252,2226,2201,2178,2153
Rautavaara,1626,1602,1577,1556,1533,1512,1490,1469,1450,1430,1413,1395,1378,1362,1345,1332,1317,1304,1292,1278,1266,1255
Tuusniemi,2497,2449,2401,2358,2318,2280,2242,2208,2176,2145,2115,2085,2058,2031,2006,1981,1958,1937,1917,1896,1877,1858
Varkaus,30101,29734,29386,29055,28737,28430,28124,27833,27547,27268,26994,26728,26472,26219,25973,25731,25493,25261,25030,24802,24573,24346
Leppävirta,9549,9446,9345,9249,9156,9066,8972,8881,8791,8699,8610,8523,8440,8359,8282,8206,8134,8063,7993,7924,7855,7788
Varkaus,20552,20288,20041,19806,19581,19364,19152,18952,18756,18569,18384,18205,18032,17860,17691,17525,17359,17198,17037,16878,16718,16558
Sisä-Savo,13790,13618,13453,13289,13133,12983,12836,12701,12564,12435,12312,12187,12067,11946,11831,11716,11602,11494,11390,11290,11191,11097
Rautalampi,3156,3114,3074,3032,2993,2953,2912,2876,2839,2806,2773,2742,2712,2681,2654,2627,2601,2576,2551,2528,2506,2485
Suonenjoki,7072,7004,6937,6874,6810,6751,6693,6638,6584,6530,6481,6431,6381,6330,6279,6227,6175,6127,6082,6038,5993,5952
Tervo,1550,1531,1516,1499,1484,1468,1456,1444,1431,1420,1408,1393,1380,1367,1354,1341,1328,1316,1303,1290,1278,1265
Vesanto,2012,1969,1926,1884,1846,1811,1775,1743,1710,1679,1650,1621,1594,1568,1544,1521,1498,1475,1454,1434,1414,1395
MK12 Pohjois-Karjala,161462,160701,159945,159212,158488,157789,157103,156425,155749,155081,154418,153737,153053,152348,151639,150908,150155,149386,148610,147811,146990,146164
Joensuu,124264,124165,124035,123894,123738,123578,123406,123227,123031,122827,122609,122371,122118,121832,121528,121191,120823,120419,120000,119547,119067,118571
Ilomantsi,4848,4729,4614,4506,4404,4306,4215,4124,4041,3960,3882,3808,3737,3669,3602,3539,3477,3416,3359,3304,3252,3199
Joensuu,76868,77152,77406,77637,77856,78066,78265,78457,78636,78805,78959,79092,79198,79271,79310,79309,79261,79166,79033,78863,78662,78446
Juuka,4609,4514,4420,4331,4242,4157,4075,3996,3922,3852,3786,3724,3664,3607,3552,3497,3444,3394,3346,3300,3253,3210
Kontiolahti,14924,14980,15020,15051,15072,15085,15088,15081,15063,15043,15013,14977,14939,14896,14855,14815,14779,14747,14718,14687,14655,14619
Liperi,12078,12017,11959,11900,11839,11777,11714,11650,11580,11507,11430,11355,11281,11205,11133,11063,10998,10937,10880,10825,10769,10714
Outokumpu,6700,6602,6506,6415,6325,6238,6153,6070,5988,5907,5831,5752,5677,5605,5536,5469,5404,5340,5281,5222,5164,5108
Polvijärvi,4237,4171,4110,4054,4000,3949,3896,3849,3801,3753,3708,3663,3622,3579,3540,3499,3460,3419,3383,3346,3312,3275
Keski-Karjala,16715,16428,16154,15897,15652,15422,15203,14989,14783,14588,14397,14208,14023,13843,13669,13503,13339,13186,13032,12885,12738,12595
Kitee,10181,10012,9850,9692,9542,9400,9265,9130,9000,8879,8761,8643,8527,8416,8307,8204,8102,8005,7909,7815,7722,7632
Rääkkylä,2129,2084,2039,2000,1963,1929,1898,1869,1843,1816,1791,1765,1739,1716,1693,1671,1649,1630,1609,1590,1570,1550
Tohmajärvi,4405,4332,4265,4205,4147,4093,4040,3990,3940,3893,3845,3800,3757,3711,3669,3628,3588,3551,3514,3480,3446,3413
Pielisen Karjala,20483,20108,19756,19421,19098,18789,18494,18209,17935,17666,17412,17158,16912,16673,16442,16214,15993,15781,15578,15379,15185,14998
Lieksa,10856,10633,10426,10231,10045,9865,9695,9528,9369,9212,9064,8916,8773,8633,8499,8367,8239,8116,7999,7883,7771,7662
Nurmes,7527,7419,7312,7209,7109,7013,6920,6831,6745,6661,6581,6502,6424,6348,6273,6198,6126,6056,5989,5924,5860,5799
Valtimo,2100,2056,2018,1981,1944,1911,1879,1850,1821,1793,1767,1740,1715,1692,1670,1649,1628,1609,1590,1572,1554,1537
MK13 Keski-Suomi,275193,274835,274462,274071,273668,273270,272857,272412,271961,271477,270972,270423,269844,269226,268554,267855,267106,266321,265494,264632,263745,262846
Jyväskylä,186556,187587,188532,189400,190213,190976,191685,192325,192908,193440,193913,194319,194662,194934,195130,195253,195301,195279,195188,195038,194835,194601
Hankasalmi,4846,4760,4680,4602,4528,4457,4391,4323,4256,4193,4128,4065,4006,3948,3894,3846,3801,3760,3720,3682,3646,3615
Jyväskylä,142397,143423,144392,145313,146204,147060,147882,148658,149396,150093,150752,151359,151907,152384,152783,153099,153325,153458,153508,153487,153412,153295
Laukaa,18965,18985,18991,18983,18959,18925,18880,18827,18768,18704,18631,18551,18464,18374,18281,18189,18104,18031,17969,17909,17853,17796
Muurame,10269,10356,10431,10492,10547,10596,10635,10666,10689,10709,10722,10728,10728,10727,10723,10719,10716,10716,10717,10719,10720,10719
Petäjävesi,3851,3801,3750,3704,3658,3613,3570,3527,3484,3440,3396,3354,3317,3282,3249,3217,3189,3163,3138,3116,3094,3075
Toivakka,2400,2394,2387,2376,2360,2347,2333,2317,2300,2283,2264,2244,2226,2207,2191,2177,2162,2148,2135,2124,2111,2101
Uurainen,3828,3868,3901,3930,3957,3978,3994,4007,4015,4018,4020,4018,4014,4012,4009,4006,4004,4003,4001,4001,3999,4000
Joutsa,5089,5009,4934,4863,4793,4729,4665,4603,4546,4488,4433,4381,4329,4280,4232,4187,4144,4104,4066,4029,3998,3961
Joutsa,4387,4313,4244,4176,4109,4048,3987,3927,3872,3818,3765,3715,3668,3621,3577,3535,3495,3456,3420,3385,3353,3319
Luhanka,702,696,690,687,684,681,678,676,674,670,668,666,661,659,655,652,649,648,646,644,645,642
Keuruu,11188,11038,10898,10771,10644,10527,10411,10301,10195,10089,9984,9883,9787,9692,9602,9516,9433,9356,9279,9204,9135,9065
Keuruu,9639,9524,9418,9320,9224,9135,9046,8961,8878,8794,8711,8629,8551,8473,8398,8327,8258,8192,8128,8064,8005,7946
Multia,1549,1514,1480,1451,1420,1392,1365,1340,1317,1295,1273,1254,1236,1219,1204,1189,1175,1164,1151,1140,1130,1119
Jämsä,22473,22116,21777,21457,21153,20862,20583,20312,20052,19797,19548,19305,19067,18842,18622,18411,18209,18012,17824,17640,17461,17292
Jämsä,20270,19947,19640,19351,19074,18810,18557,18311,18074,17842,17614,17391,17174,16966,16764,16573,16387,16207,16036,15869,15707,15552
Kuhmoinen,2203,2169,2137,2106,2079,2052,2026,2001,1978,1955,1934,1914,1893,1876,1858,1838,1822,1805,1788,1771,1754,1740
Äänekoski,21246,20952,20670,20394,20121,19857,19596,19339,19092,18848,18610,18373,18146,17922,17706,17499,17301,17113,16933,16760,16593,16431
Konnevesi,2666,2634,2605,2575,2546,2518,2490,2462,2436,2410,2384,2358,2335,2313,2291,2269,2248,2227,2207,2187,2169,2150
Äänekoski,18580,18318,18065,17819,17575,17339,17106,16877,16656,16438,16226,16015,15811,15609,15415,15230,15053,14886,14726,14573,14424,14281
Saarijärvi-Viitasaari,28641,28133,27651,27186,26744,26319,25917,25532,25168,24815,24484,24162,23853,23556,23262,22989,22718,22457,22204,21961,21723,21496
Kannonkoski,1327,1305,1285,1264,1243,1223,1206,1188,1173,1157,1143,1130,1116,1104,1091,1082,1071,1060,1049,1040,1031,1021
Karstula,3965,3901,3837,3773,3712,3652,3597,3543,3492,3443,3396,3349,3304,3260,3217,3178,3137,3100,3065,3030,2996,2964
Kinnula,1587,1561,1535,1510,1486,1464,1441,1419,1399,1379,1360,1343,1326,1309,1291,1275,1258,1242,1226,1211,1197,1183
Kivijärvi,1066,1034,1003,977,951,925,901,880,861,841,824,808,793,779,764,751,739,728,716,705,694,685
Kyyjärvi,1324,1304,1284,1265,1247,1230,1213,1196,1181,1164,1148,1131,1115,1100,1084,1070,1055,1041,1029,1016,1003,992
Pihtipudas,3988,3926,3867,3809,3753,3698,3645,3595,3546,3500,3456,3413,3373,3336,3299,3263,3232,3200,3169,3141,3111,3083
Saarijärvi,9254,9100,8952,8808,8671,8539,8414,8292,8175,8065,7961,7861,7765,7672,7583,7495,7410,7327,7247,7168,7092,7019
Viitasaari,6130,6002,5888,5780,5681,5588,5500,5419,5341,5266,5196,5127,5061,4996,4933,4875,4816,4759,4703,4650,4599,4549
MK14 Etelä-Pohjanmaa,188699,187713,186739,185794,184858,183940,183043,182163,181283,180405,179523,178645,177758,176883,176008,175130,174243,173365,172501,171641,170792,169919
Suupohja,21417,21082,20758,20450,20157,19877,19617,19366,19119,18878,18633,18403,18176,17960,17748,17538,17330,17132,16939,16756,16578,16402
Isojoki,1925,1880,1837,1796,1760,1726,1695,1666,1639,1615,1590,1567,1544,1522,1503,1483,1463,1445,1427,1410,1394,1379
Karijoki,1234,1199,1167,1138,1110,1083,1060,1037,1016,999,980,965,948,932,917,902,890,876,863,852,840,829
Kauhajoki,13206,13049,12896,12748,12605,12466,12337,12213,12087,11959,11828,11701,11578,11462,11346,11227,11107,10992,10879,10771,10665,10560
Teuva,5052,4954,4858,4768,4682,4602,4525,4450,4377,4305,4235,4170,4106,4044,3982,3926,3870,3819,3770,3723,3679,3634
Seinäjoki,126856,126808,126739,126652,126545,126422,126288,126148,125997,125823,125631,125412,125170,124913,124638,124340,124022,123689,123351,122998,122640,122254
Ilmajoki,12210,12227,12233,12235,12235,12231,12225,12214,12198,12179,12162,12144,12123,12103,12083,12060,12038,12014,11991,11967,11943,11912
Kauhava,15796,15581,15377,15177,14978,14788,14602,14420,14247,14075,13907,13744,13589,13439,13294,13154,13019,12889,12766,12645,12528,12413
Kurikka,20669,20393,20125,19863,19611,19362,19118,18880,18646,18416,18187,17963,17741,17524,17312,17105,16900,16698,16504,16317,16136,15958
Lapua,14363,14296,14230,14163,14092,14022,13955,13892,13826,13762,13696,13625,13557,13488,13421,13355,13291,13233,13178,13125,13075,13022
Seinäjoki,63818,64311,64774,65214,65629,66019,66388,66742,67080,67391,67679,67936,68160,68359,68528,68666,68774,68855,68912,68944,68958,68949
Kuusiokunnat,20504,20205,19919,19644,19378,19120,18868,18622,18381,18154,17934,17723,17516,17319,17129,16943,16762,16584,16416,16252,16095,15940
Alavus,11396,11253,11118,10988,10861,10736,10608,10486,10365,10250,10136,10023,9913,9808,9705,9604,9504,9406,9313,9221,9134,9048
Kuortane,3524,3478,3432,3386,3342,3299,3259,3217,3178,3139,3102,3070,3037,3005,2976,2948,2922,2897,2872,2849,2825,2803
Ähtäri,5584,5474,5369,5270,5175,5085,5001,4919,4838,4765,4696,4630,4566,4506,4448,4391,4336,4281,4231,4182,4136,4089
Järviseutu,19922,19618,19323,19048,18778,18521,18270,18027,17786,17550,17325,17107,16896,16691,16493,16309,16129,15960,15795,15635,15479,15323
Alajärvi,9584,9472,9363,9256,9153,9052,8952,8854,8757,8659,8565,8475,8390,8307,8228,8153,8079,8009,7938,7870,7802,7735
Evijärvi,2430,2385,2342,2300,2260,2223,2187,2153,2118,2082,2050,2018,1987,1958,1930,1904,1880,1856,1834,1813,1795,1774
Lappajärvi,3022,2970,2921,2880,2837,2799,2761,2725,2687,2652,2619,2587,2556,2524,2493,2465,2437,2412,2387,2362,2339,2317
Soini,2041,1999,1959,1924,1890,1856,1826,1797,1769,1740,1713,1687,1659,1632,1606,1581,1559,1538,1519,1500,1480,1462
Vimpeli,2845,2792,2738,2688,2638,2591,2544,2498,2455,2417,2378,2340,2304,2270,2236,2206,2174,2145,2117,2090,2063,2035
MK15 Pohjanmaa,180668,180536,180409,180268,180121,179959,179771,179557,179315,179041,178741,178419,178081,177714,177315,176889,176428,175934,175420,174872,174299,173709
Kyrönmaa,12621,12576,12522,12461,12404,12338,12269,12201,12130,12053,11976,11897,11818,11742,11667,11594,11522,11457,11392,11333,11275,11215
Isokyrö,4544,4487,4430,4375,4325,4273,4220,4172,4123,4075,4030,3987,3944,3903,3865,3828,3792,3759,3726,3696,3668,3637
Laihia,8077,8089,8092,8086,8079,8065,8049,8029,8007,7978,7946,7910,7874,7839,7802,7766,7730,7698,7666,7637,7607,7578
Vaasa,101346,101467,101578,101671,101749,101810,101858,101890,101908,101903,101878,101835,101773,101678,101553,101404,101233,101024,100800,100543,100268,99981
Korsnäs,2100,2084,2069,2058,2049,2040,2032,2022,2014,2004,1992,1981,1972,1959,1948,1935,1923,1911,1902,1891,1879,1871
Maalahti,5452,5428,5407,5390,5374,5358,5340,5323,5302,5278,5250,5226,5200,5176,5149,5123,5097,5070,5046,5020,4995,4968
Mustasaari,19488,19521,19550,19567,19574,19570,19560,19542,19522,19493,19456,19411,19366,19315,19262,19212,19163,19111,19065,19015,18967,18913
Vaasa,67723,67876,68012,68136,68252,68364,68469,68571,68666,68758,68843,68915,68968,68996,68999,68977,68927,68847,68739,68604,68451,68289
Vöyri,6583,6558,6540,6520,6500,6478,6457,6432,6404,6370,6337,6302,6267,6232,6195,6157,6123,6085,6048,6013,5976,5940
Sydösterbotten,17223,17135,17066,17007,16957,16916,16876,16835,16794,16751,16705,16655,16607,16555,16500,16441,16377,16310,16242,16173,16100,16025
Kaskinen,1248,1232,1221,1209,1200,1192,1184,1176,1168,1161,1153,1146,1138,1130,1122,1112,1105,1095,1086,1078,1069,1062
Kristiinankaupunki,6501,6422,6354,6294,6239,6189,6141,6096,6051,6006,5960,5913,5870,5825,5779,5736,5687,5639,5592,5544,5495,5446
Närpiö,9474,9481,9491,9504,9518,9535,9551,9563,9575,9584,9592,9596,9599,9600,9599,9593,9585,9576,9564,9551,9536,9517
Jakobstadsregionen,49478,49358,49243,49129,49011,48895,48768,48631,48483,48334,48182,48032,47883,47739,47595,47450,47296,47143,46986,46823,46656,46488
Kruunupyy,6468,6427,6390,6353,6319,6284,6249,6215,6180,6145,6110,6075,6041,6009,5978,5946,5914,5885,5852,5821,5790,5760
Luoto,5396,5448,5500,5552,5599,5644,5685,5725,5763,5800,5835,5866,5897,5926,5951,5978,6002,6025,6045,6063,6078,6092
Pedersören kunta,11006,10993,10978,10964,10947,10927,10907,10882,10854,10824,10793,10765,10735,10706,10677,10648,10616,10584,10550,10515,10477,10439
Pietarsaari,19174,19074,18978,18880,18785,18697,18606,18514,18423,18335,18245,18160,18078,17997,17918,17840,17758,17674,17591,17506,17424,17340
Uusikaarlepyy,7434,7416,7397,7380,7361,7343,7321,7295,7263,7230,7199,7166,7132,7101,7071,7038,7006,6975,6948,6918,6887,6857
MK16 Keski-Pohjanmaa,68262,68082,67906,67721,67536,67345,67147,66935,66720,66491,66256,66002,65739,65467,65191,64904,64627,64344,64060,63780,63509,63230
Kaustinen,15112,14951,14799,14648,14501,14355,14215,14072,13932,13791,13656,13518,13383,13252,13126,13001,12891,12778,12666,12561,12465,12364
Halsua,1143,1125,1107,1095,1082,1069,1059,1049,1037,1026,1018,1007,997,986,978,968,961,952,944,935,929,921
Kaustinen,4260,4247,4237,4222,4208,4192,4177,4158,4141,4124,4104,4082,4057,4034,4008,3985,3964,3943,3924,3905,3887,3871
Lestijärvi,718,700,686,673,661,651,641,632,624,616,609,603,595,589,584,578,572,568,561,556,552,546
Perho,2803,2780,2757,2733,2710,2683,2658,2632,2606,2580,2555,2531,2507,2482,2459,2435,2414,2392,2369,2348,2328,2309
Toholampi,3059,3007,2955,2906,2856,2809,2765,2721,2678,2635,2596,2556,2519,2484,2449,2416,2387,2358,2329,2303,2279,2253
Veteli,3129,3092,3057,3019,2984,2951,2915,2880,2846,2810,2774,2739,2708,2677,2648,2619,2593,2565,2539,2514,2490,2464
Kokkola,53150,53131,53107,53073,53035,52990,52932,52863,52788,52700,52600,52484,52356,52215,52065,51903,51736,51566,51394,51219,51044,50866
Kannus,5453,5402,5355,5310,5268,5226,5186,5148,5117,5082,5049,5014,4979,4943,4910,4877,4842,4809,4777,4743,4710,4678
Kokkola,47697,47729,47752,47763,47767,47764,47746,47715,47671,47618,47551,47470,47377,47272,47155,47026,46894,46757,46617,46476,46334,46188
MK17 Pohjois-Pohjanmaa,412600,412879,413022,413044,412959,412767,412492,412135,411711,411214,410645,410025,409331,408580,407763,406932,406023,405069,404083,403036,401942,400792
Oulu,252429,254275,255971,257533,258968,260295,261507,262623,263649,264591,265435,266202,266871,267449,267936,268336,268646,268859,268992,269040,269017,268937
Hailuoto,974,974,976,976,978,979,977,976,974,971,967,964,960,956,950,945,942,936,930,927,923,919
Kempele,18166,18380,18562,18715,18847,18958,19047,19120,19179,19223,19251,19267,19275,19277,19273,19268,19256,19241,19226,19209,19190,19168
Liminka,10290,10386,10455,10505,10539,10559,10568,10573,10573,10565,10553,10541,10532,10518,10508,10503,10503,10507,10516,10527,10539,10550
Lumijoki,2043,2032,2020,2004,1985,1966,1944,1924,1902,1882,1861,1842,1822,1804,1787,1771,1756,1742,1731,1719,1709,1699
Muhos,8984,8971,8946,8911,8870,8827,8785,8739,8693,8647,8599,8551,8502,8458,8412,8369,8330,8293,8260,8228,8197,8167
Oulu,205179,206723,208198,209610,210946,212219,213424,214562,215635,216649,217591,218464,219246,219941,220549,221058,221466,221776,221991,222116,222170,222167
Tyrnävä,6793,6809,6814,6812,6803,6787,6762,6729,6693,6654,6613,6573,6534,6495,6457,6422,6393,6364,6338,6314,6289,6267
Oulunkaari,23138,22851,22568,22291,22016,21747,21485,21229,20986,20747,20522,20302,20090,19883,19679,19494,19312,19143,18980,18824,18672,18520
Ii,9819,9768,9711,9649,9580,9508,9434,9358,9282,9207,9136,9067,9000,8934,8868,8807,8750,8696,8644,8596,8550,8501
Pudasjärvi,7864,7741,7623,7512,7405,7300,7200,7103,7013,6921,6834,6748,6665,6587,6507,6435,6365,6299,6235,6175,6116,6057
Utajärvi,2652,2603,2556,2509,2464,2421,2381,2342,2306,2274,2241,2211,2180,2149,2121,2097,2072,2050,2029,2007,1985,1965
Vaala,2803,2739,2678,2621,2567,2518,2470,2426,2385,2345,2311,2276,2245,2213,2183,2155,2125,2098,2072,2046,2021,1997
Raahe,32929,32653,32378,32100,31827,31550,31270,30988,30704,30411,30120,29829,29537,29251,28973,28703,28433,28178,27931,27688,27454,27220
Pyhäjoki,3107,3068,3033,2997,2962,2930,2899,2866,2834,2800,2767,2736,2704,2673,2643,2614,2585,2558,2532,2508,2486,2462
Raahe,24638,24464,24288,24110,23932,23746,23554,23361,23162,22958,22752,22545,22336,22129,21926,21726,21527,21336,21151,20969,20792,20615
Siikajoki,5184,5121,5057,4993,4933,4874,4817,4761,4708,4653,4601,4548,4497,4449,4404,4363,4321,4284,4248,4211,4176,4143
Haapavesi-Siikalatva,13510,13311,13110,12915,12722,12535,12355,12182,12019,11863,11714,11570,11428,11290,11154,11028,10903,10782,10670,10562,10454,10349
Haapavesi,6773,6691,6606,6523,6438,6358,6278,6203,6132,6064,5997,5931,5865,5801,5737,5678,5618,5561,5508,5457,5406,5355
Pyhäntä,1552,1547,1541,1534,1526,1518,1510,1500,1492,1483,1477,1469,1460,1451,1442,1434,1426,1417,1409,1400,1391,1382
Siikalatva,5185,5073,4963,4858,4758,4659,4567,4479,4395,4316,4240,4170,4103,4038,3975,3916,3859,3804,3753,3705,3657,3612
Nivala-Haapajärvi,28139,27789,27452,27114,26793,26475,26165,25865,25571,25281,24993,24715,24447,24187,23935,23700,23466,23243,23031,22818,22614,22412
Haapajärvi,7043,6937,6834,6734,6637,6542,6449,6360,6275,6192,6111,6034,5961,5893,5826,5761,5697,5635,5573,5513,5454,5397
Kärsämäki,2587,2557,2531,2502,2476,2450,2428,2405,2382,2360,2336,2315,2295,2275,2256,2239,2223,2207,2194,2178,2164,2149
Nivala,10662,10584,10505,10425,10346,10268,10189,10109,10030,9947,9865,9782,9700,9620,9541,9469,9399,9331,9265,9201,9138,9077
Pyhäjärvi,5147,5053,4962,4873,4792,4710,4629,4555,4482,4411,4340,4272,4207,4143,4082,4025,3966,3911,3860,3809,3761,3712
Reisjärvi,2700,2658,2620,2580,2542,2505,2470,2436,2402,2371,2341,2312,2284,2256,2230,2206,2181,2159,2139,2117,2097,2077
Ylivieska,43464,43235,42994,42750,42497,42235,41979,41711,41444,41179,40915,40649,40387,40123,39855,39600,39348,39102,38862,38626,38392,38153
Alavieska,2532,2496,2461,2428,2396,2366,2338,2309,2283,2257,2231,2206,2181,2156,2132,2112,2090,2072,2054,2036,2020,2003
Kalajoki,12313,12239,12161,12083,12004,11924,11844,11763,11684,11605,11527,11446,11368,11290,11211,11136,11064,10995,10925,10859,10792,10723
Merijärvi,1083,1065,1048,1034,1021,1006,994,981,969,958,947,936,926,913,899,887,875,862,850,839,830,820
Oulainen,7346,7265,7185,7106,7031,6956,6882,6806,6733,6663,6595,6529,6463,6399,6335,6276,6217,6159,6102,6049,5995,5941
Sievi,4922,4861,4798,4734,4669,4604,4539,4474,4409,4347,4287,4230,4176,4124,4076,4028,3985,3944,3907,3870,3834,3800
Ylivieska,15268,15309,15341,15365,15376,15379,15382,15378,15366,15349,15328,15302,15273,15241,15202,15161,15117,15070,15024,14973,14921,14866
Koillismaa,18991,18765,18549,18341,18136,17930,17731,17537,17338,17142,16946,16758,16571,16397,16231,16071,15915,15762,15617,15478,15339,15201
Kuusamo,15017,14841,14675,14514,14357,14197,14043,13893,13739,13588,13437,13291,13145,13009,12880,12754,12632,12513,12400,12292,12187,12080
Taivalkoski,3974,3924,3874,3827,3779,3733,3688,3644,3599,3554,3509,3467,3426,3388,3351,3317,3283,3249,3217,3186,3152,3121
MK18 Kainuu,72206,71385,70608,69865,69150,68460,67784,67128,66483,65856,65247,64651,64075,63497,62925,62365,61814,61272,60742,60222,59706,59196
Kehys-Kainuu,20626,20196,19786,19393,19022,18665,18317,17986,17661,17354,17055,16764,16486,16211,15945,15686,15436,15196,14961,14734,14514,14298
Hyrynsalmi,2229,2177,2126,2078,2036,1995,1955,1919,1883,1850,1819,1788,1759,1729,1701,1673,1647,1620,1595,1571,1546,1522
Kuhmo,8178,8028,7885,7745,7605,7470,7337,7205,7077,6952,6832,6714,6605,6496,6394,6294,6196,6104,6014,5926,5843,5761
Puolanka,2525,2458,2398,2340,2289,2240,2193,2150,2106,2067,2026,1989,1952,1918,1884,1851,1820,1789,1758,1730,1701,1675
Suomussalmi,7694,7533,7377,7230,7092,6960,6832,6712,6595,6485,6378,6273,6170,6068,5966,5868,5773,5683,5594,5507,5424,5340
Kajaani,51580,51189,50822,50472,50128,49795,49467,49142,48822,48502,48192,47887,47589,47286,46980,46679,46378,46076,45781,45488,45192,44898
Kajaani,36722,36481,36256,36038,35823,35614,35404,35191,34981,34769,34562,34359,34156,33948,33740,33531,33321,33108,32894,32681,32467,32253
Paltamo,3283,3231,3180,3133,3088,3045,3003,2965,2929,2894,2860,2829,2801,2774,2746,2721,2698,2675,2654,2634,2614,2594
Ristijärvi,1261,1236,1214,1195,1177,1162,1149,1137,1124,1112,1102,1091,1082,1072,1062,1054,1043,1035,1027,1019,1010,1001
Sotkamo,10314,10241,10172,10106,10040,9974,9911,9849,9788,9727,9668,9608,9550,9492,9432,9373,9316,9258,9206,9154,9101,9050
MK19 Lappi,177457,176502,175617,174785,174000,173240,172505,171788,171078,170359,169639,168911,168182,167466,166747,166033,165313,164613,163896,163177,162444,161697
Rovaniemi,67035,67229,67409,67577,67741,67897,68046,68182,68306,68410,68498,68571,68622,68664,68683,68690,68674,68640,68584,68509,68414,68304
Ranua,3839,3781,3724,3665,3608,3555,3501,3450,3404,3358,3313,3270,3229,3194,3156,3125,3093,3062,3034,3006,2979,2953
Rovaniemi,63196,63448,63685,63912,64133,64342,64545,64732,64902,65052,65185,65301,65393,65470,65527,65565,65581,65578,65550,65503,65435,65351
Kemi-Tornio,56525,55944,55401,54887,54392,53909,53441,52989,52545,52109,51684,51264,50848,50450,50062,49678,49298,48931,48563,48199,47840,47479
Kemi,20754,20505,20272,20058,19851,19653,19458,19269,19082,18903,18730,18558,18391,18231,18073,17916,17763,17615,17464,17317,17170,17024
Keminmaa,8045,7952,7869,7786,7706,7629,7556,7486,7418,7349,7284,7218,7152,7090,7030,6972,6915,6859,6806,6752,6701,6649
Simo,2991,2937,2882,2828,2777,2726,2677,2631,2588,2546,2505,2465,2427,2390,2357,2326,2293,2265,2235,2208,2183,2157
Tervola,3010,2962,2917,2876,2838,2801,2768,2736,2707,2677,2649,2624,2598,2573,2549,2524,2500,2478,2458,2437,2419,2400
Tornio,21725,21588,21461,21339,21220,21100,20982,20867,20750,20634,20516,20399,20280,20166,20053,19940,19827,19714,19600,19485,19367,19249
Torniolaakso,7292,7145,7005,6879,6759,6647,6543,6446,6353,6262,6175,6089,6009,5931,5856,5783,5715,5650,5589,5530,5468,5412
Pello,3367,3304,3242,3186,3130,3077,3028,2983,2941,2898,2858,2818,2780,2742,2705,2669,2634,2601,2570,2541,2510,2480
Ylitornio,3925,3841,3763,3693,3629,3570,3515,3463,3412,3364,3317,3271,3229,3189,3151,3114,3081,3049,3019,2989,2958,2932
Itä-Lappi,15745,15447,15163,14895,14643,14405,14178,13961,13754,13556,13364,13173,12994,12821,12649,12485,12327,12180,12034,11892,11756,11624
Kemijärvi,7233,7105,6982,6864,6755,6652,6550,6455,6362,6273,6186,6104,6023,5945,5868,5795,5724,5657,5593,5529,5469,5408
Pelkosenniemi,950,948,945,941,938,935,932,929,927,924,920,915,911,907,902,896,891,888,882,877,872,866
Posio,3154,3078,3005,2938,2875,2815,2760,2706,2654,2605,2559,2512,2469,2427,2386,2347,2310,2274,2240,2208,2176,2147
Salla,3408,3331,3260,3193,3129,3068,3010,2954,2901,2852,2804,2758,2715,2674,2633,2595,2558,2523,2489,2455,2424,2393
Savukoski,1000,985,971,959,946,935,926,917,910,902,895,884,876,868,860,852,844,838,830,823,815,810
Tunturi-Lappi,14342,14289,14245,14203,14165,14127,14086,14046,14006,13963,13913,13865,13818,13770,13727,13683,13643,13606,13573,13542,13512,13477
Enontekiö,1849,1849,1850,1850,1852,1854,1855,1856,1855,1853,1848,1842,1837,1830,1824,1818,1812,1807,1801,1796,1791,1786
Kittilä,6408,6393,6378,6366,6354,6342,6329,6319,6310,6301,6288,6280,6269,6258,6250,6240,6230,6223,6217,6211,6204,6194
Kolari,3809,3788,3776,3761,3747,3733,3717,3699,3682,3664,3648,3629,3611,3594,3575,3559,3544,3529,3517,3505,3495,3484
Muonio,2276,2259,2241,2226,2212,2198,2185,2172,2159,2145,2129,2114,2101,2088,2078,2066,2057,2047,2038,2030,2022,2013
Pohjois-Lappi,16518,16448,16394,16344,16300,16255,16211,16164,16114,16059,16005,15949,15891,15830,15770,15714,15656,15606,15553,15505,15454,15401
Inari,6959,6988,7018,7047,7075,7099,7121,7141,7159,7173,7185,7197,7204,7211,7216,7223,7225,7230,7233,7235,7236,7234
Sodankylä,8333,8239,8158,8085,8018,7954,7892,7830,7767,7704,7641,7577,7515,7451,7389,7330,7272,7219,7166,7117,7067,7017
Utsjoki,1226,1221,1218,1212,1207,1202,1198,1193,1188,1182,1179,1175,1172,1168,1165,1161,1159,1157,1154,1153,1151,1150
MA2 AHVENANMAA,30042,30303,30557,30800,31044,31279,31511,31733,31957,32159,32356,32558,32739,32921,33100,33268,33428,33583,33738,33886,34040,34176
MK21 Ahvenanmaa,30042,30303,30557,30800,31044,31279,31511,31733,31957,32159,32356,32558,32739,32921,33100,33268,33428,33583,33738,33886,34040,34176
Mariehamns stad,11853,11961,12064,12165,12261,12358,12453,12545,12633,12719,12803,12881,12958,13031,13099,13164,13223,13279,13335,13386,13436,13481
Maarianhamina - Mariehamn,11853,11961,12064,12165,12261,12358,12453,12545,12633,12719,12803,12881,12958,13031,13099,13164,13223,13279,13335,13386,13436,13481
Ålands landsbygd,16128,16286,16439,16586,16728,16866,17000,17124,17252,17365,17475,17589,17688,17792,17899,18000,18098,18193,18290,18386,18485,18578
Eckerö,967,972,977,983,989,995,1002,1007,1014,1018,1023,1030,1034,1038,1043,1046,1049,1054,1057,1061,1064,1068
Finström,2608,2629,2647,2665,2682,2697,2712,2725,2738,2750,2762,2773,2784,2795,2806,2820,2831,2844,2856,2868,2880,2892
Geta,517,521,524,528,533,537,541,545,551,553,557,562,565,568,572,576,579,582,584,588,592,595
Hammarland,1583,1591,1598,1606,1613,1621,1628,1633,1639,1645,1651,1659,1664,1670,1678,1684,1692,1697,1703,1709,1717,1723
Jomala,5144,5251,5354,5452,5544,5633,5718,5801,5881,5956,6029,6098,6165,6232,6298,6362,6424,6485,6543,6601,6657,6711
Lemland,2042,2054,2064,2077,2089,2100,2112,2124,2136,2146,2155,2164,2173,2182,2191,2198,2205,2210,2218,2224,2231,2239
Lumparland,376,371,368,364,362,360,358,355,354,350,347,344,341,340,338,337,336,333,333,332,332,331
Saltvik,1862,1865,1871,1873,1877,1882,1887,1892,1898,1905,1910,1916,1920,1926,1931,1935,1941,1946,1952,1959,1966,1972
Sund,1029,1032,1036,1038,1039,1041,1042,1042,1041,1042,1041,1043,1042,1041,1042,1042,1041,1042,1044,1044,1046,1047
Ålands skärgård,2061,2056,2054,2049,2055,2055,2058,2064,2072,2075,2078,2088,2093,2098,2102,2104,2107,2111,2113,2114,2119,2117
Brändö,448,450,451,450,452,452,455,457,459,461,462,464,466,467,469,469,471,472,472,475,476,476
Föglö,528,522,519,516,515,515,514,516,517,517,518,519,519,521,521,519,521,521,522,521,522,520
Kumlinge,312,311,310,309,310,308,309,308,308,307,307,307,308,307,307,307,305,306,306,305,305,304
Kökar,234,235,235,235,237,239,240,241,243,244,244,246,247,248,248,249,249,250,251,252,253,254
Sottunga,90,88,87,87,86,85,84,84,84,84,83,85,84,84,83,83,83,82,81,80,80,79
Vårdö,449,450,452,452,455,456,456,458,461,462,464,467,469,471,474,477,478,480,481,481,483,484